[
	{
		"pic": "img/cart/1.png",
		"name": "adidas 阿迪达斯 训练 男子",
		"price": "335",
		"num": "1"
	},
	{
		"pic": "img/cart/2.png",
		"name": "玉兰油多效修护三部曲套装",
		"price": "199",
		"num": "2"
	},
	{
		"pic": "img/cart/3.png",
		"name": "Apple iPhone 7 (A1660)",
		"price": "6188",
		"num": "1"
	},
	{
		"pic": "img/cart/4.png",
		"name": "飞利浦面条机 HR2356/31",
		"price": "659",
		"num": "4"
	},
	{
		"pic": "img/cart/5.png",
		"name": "罗技G29 力反馈游戏方向",
		"price": "2999",
		"num": "1"
	},
	{
		"pic": "img/cart/1.png",
		"name": "adidas 阿迪达斯 训练 男子",
		"price": "335",
		"num": "1"
	},
	{
		"pic": "img/cart/2.png",
		"name": "玉兰油多效修护三部曲套装",
		"price": "199",
		"num": "2"
	},
	{
		"pic": "img/cart/3.png",
		"name": "Apple iPhone 7 (A1660)",
		"price": "6188",
		"num": "1"
	},
	{
		"pic": "img/cart/4.png",
		"name": "飞利浦面条机 HR2356/31",
		"price": "659",
		"num": "4"
	},
	{
		"pic": "img/cart/5.png",
		"name": "罗技G29 力反馈游戏方向",
		"price": "2999",
		"num": "1"
	}
]