[
	{
		"title": "汽车车型",
		"items": [
			"微型车",
			"小型车",
			"紧凑型车",
			"中型车",
			"中大型车",
			"豪华车",
			"MPV",
			"SUV",
			"跑车"
		]
	},
	{
		"title": "汽车价格",
		"items": [
			"5万以下",
			"5-8万",
			"8-10万",
			"10-15万",
			"15-25万",
			"25-40万",
			"40万以上"
		]
	},
	{
		"title": "汽车品牌",
		"items": [
			"宝马",
			"上汽大众",
			"陆风",
			"一汽奔腾",
			"东风标致",
			"比亚迪",
			"华晨汽车"
		]
	},
	{
		"title": "维修保养",
		"items": [
			"机油",
			"轮胎",
			"添加剂",
			"防冻液",
			"滤清器",
			"火花塞",
			"雨刷",
			"车灯",
			"减震器",
			"轮毂",
			"刹车片/盘",
			"维修配件",
			"蓄电池",
			"底盘装甲/护板",
			"贴膜",
			"汽修工具",
			"改装配件",
			"正时皮带",
			"汽车喇叭",
			"汽车玻璃"
		]
	},
	{
		"title": "车载电器",
		"items": [
			"行车记录仪",
			"导航仪",
			"电源",
			"电器配件",
			"净化器",
			"车载影音",
			"冰箱",
			"安全预警仪",
			"倒车雷达",
			"蓝牙设备",
			"智能驾驶",
			"车载电台",
			"吸尘器",
			"智能车机",
			"汽车音响",
			"车载生活电器"
		]
	},
	{
		"title": "美容清洗",
		"items": [
			"车蜡",
			"镀晶镀膜",
			"补漆笔",
			"玻璃水",
			"清洁剂",
			"洗车机",
			"洗车水枪",
			"洗车配件",
			"毛巾掸子"
		]
	},
	{
		"title": "汽车装饰",
		"items": [
			"脚垫",
			"座垫",
			"座套",
			"后备箱垫",
			"方向盘套",
			"头枕腰靠",
			"香水",
			"空气净化",
			"功能小件",
			"车衣",
			"挂件摆件",
			"车身装饰件"
		]
	},
	{
		"title": "安全自驾",
		"items": [
			"安全座椅",
			"胎压监测",
			"充气泵",
			"防盗设备",
			"应急救援",
			"保温箱",
			"储物箱",
			"自驾野营",
			"摩托车装备",
			"摩托车"
		]
	},
	{
		"title": "赛事改装",
		"items": [
			"赛事服装",
			"赛事用品",
			"制动系统",
			"悬挂系统",
			"进气系统",
			"排气系统",
			"电子管理",
			"车身强化"
		]
	},
	{
		"title": "汽车服务",
		"items": [
			"油卡充值",
			"加油卡",
			"保养维修",
			"清洗美容",
			"功能升级",
			"ETC",
			"驾驶培训"
		]
	}
]