[
	{
		"title": "电脑整机",
		"items": [
			"笔记本",
			"游戏本",
			"平板电脑",
			"平板电脑配件",
			"台式机",
			"一体机",
			"服务器/工作站",
			"笔记本配件"
		]
	},
	{
		"title": "电脑配件",
		"items": [
			"显示器",
			"CPU",
			"主板",
			"显卡",
			"硬盘",
			"内存",
			"机箱",
			"电源",
			"散热器",
			"刻录机/光驱",
			"声卡/扩展卡",
			"装机配件",
			"SSD固态硬盘",
			"组装电脑"
		]
	},
	{
		"title": "外设产品",
		"items": [
			"鼠标",
			"键盘",
			"键鼠套装",
			"网络仪表仪器",
			"U盘",
			"移动硬盘",
			"鼠标垫",
			"摄像头",
			"线缆",
			"手写板",
			"硬盘盒",
			"电脑工具",
			"电脑清洁",
			"UPS电源",
			"插座"
		]
	},
	{
		"title": "游戏设备",
		"items": [
			"游戏机",
			"游戏耳机",
			"手柄/方向盘",
			"游戏软件",
			"游戏周边"
		]
	},
	{
		"title": "网络产品",
		"items": [
			"路由器",
			"网络机顶盒",
			"交换机",
			"网络存储",
			"网卡",
			"4G/3G上网",
			"网络配件"
		]
	},
	{
		"title": "办公设备",
		"items": [
			"投影机",
			"投影配件",
			"多功能一体机",
			"打印机",
			"传真设备",
			"验钞/点钞机",
			"扫描设备",
			"复合机",
			"碎纸机",
			"考勤机",
			"收银机",
			"会议音频视频",
			"保险柜",
			"装订/封装机",
			"安防监控",
			"办公家具",
			"白板"
		]
	},
	{
		"title": "文具耗材",
		"items": [
			"硒鼓/墨粉",
			"墨盒",
			"色带",
			"纸类",
			"办公文具",
			"学生文具",
			"文件管理",
			"本册/便签",
			"计算器",
			"笔类",
			"画具画材",
			"财会用品",
			"刻录碟片/附件"
		]
	},
	{
		"title": "服务产品",
		"items": [
			"延保服务",
			"上门安装",
			"维修保养",
			"电脑软件"
		]
	}
]