[
	{
		"title": "运动鞋包",
		"items": [
			"跑步鞋",
			"休闲鞋",
			"篮球鞋",
			"帆布鞋",
			"板鞋",
			"拖鞋",
			"运动包",
			"足球鞋",
			"乒羽网鞋",
			"训练鞋",
			"专项运动鞋"
		]
	},
	{
		"title": "运动服饰",
		"items": [
			"T恤",
			"运动裤",
			"健身服",
			"运动套装",
			"运动背心",
			"羽绒服",
			"卫衣/套头衫",
			"棉服",
			"夹克/风衣",
			"运动配饰",
			"乒羽网服",
			"毛衫/线衫"
		]
	},
	{
		"title": "健身训练",
		"items": [
			"跑步机",
			"健身车/动感单车",
			"哑铃",
			"仰卧板/收腹机",
			"甩脂机",
			"踏步机",
			"运动护具",
			"瑜伽舞蹈",
			"武术搏击",
			"综合训练器",
			"其他大型器械",
			"其他中小型器材"
		]
	},
	{
		"title": "骑行运动",
		"items": [
			"山地车/公路车",
			"折叠车",
			"电动车",
			"平衡车",
			"其他整车",
			"骑行装备",
			"骑行服"
		]
	},
	{
		"title": "体育用品",
		"items": [
			"乒乓球",
			"羽毛球",
			"篮球",
			"足球",
			"轮滑滑板",
			"网球",
			"高尔夫",
			"台球",
			"排球",
			"棋牌麻将",
			"其它"
		]
	},
	{
		"title": "户外鞋服",
		"items": [
			"户外风衣",
			"徒步鞋",
			"T恤",
			"冲锋衣裤",
			"速干衣裤",
			"越野跑鞋",
			"滑雪服",
			"羽绒服/棉服",
			"休闲衣裤",
			"抓绒衣裤",
			"溯溪鞋",
			"沙滩/凉拖",
			"休闲鞋",
			"软壳衣裤",
			"功能内衣",
			"军迷服饰",
			"登山鞋",
			"工装鞋",
			"户外袜"
		]
	},
	{
		"title": "户外装备",
		"items": [
			"帐篷/垫子",
			"望远镜",
			"野餐烧烤",
			"便携桌椅床",
			"背包",
			"户外配饰",
			"军迷用品",
			"睡袋/吊床",
			"救援装备",
			"户外照明",
			"旅游用品",
			"户外工具",
			"户外仪表",
			"登山攀岩",
			"极限户外",
			"冲浪潜水",
			"滑雪装备"
		]
	},
	{
		"title": "垂钓用品",
		"items": [
			"鱼竿鱼线",
			"浮漂鱼饵",
			"钓鱼桌椅",
			"钓鱼配件",
			"钓箱鱼包",
			"其它"
		]
	},
	{
		"title": "游泳用品",
		"items": [
			"泳镜",
			"男士泳衣",
			"女士泳衣",
			"比基尼",
			"泳帽",
			"游泳包防水包",
			"其它"
		]
	},
	{
		"title": "钟表",
		"items": [
			"瑞表",
			"国表",
			"日韩表",
			"欧美表",
			"德表",
			"儿童手表",
			"智能手表",
			"闹钟",
			"座钟挂钟",
			"钟表配件"
		]
	}
]