[
	{
		"title": "电视",
		"items": [
			"抢亿元红包",
			"合资品牌",
			"国产品牌",
			"互联网品牌"
		]
	},
	{
		"title": "空调",
		"items": [
			"壁挂式空调",
			"柜式空调",
			"中央空调",
			"空调配件"
		]
	},
	{
		"title": "洗衣机",
		"items": [
			"满千减百",
			"滚筒洗衣机",
			"洗烘一体机",
			"波轮洗衣机",
			"迷你洗衣机",
			"洗衣机配件"
		]
	},
	{
		"title": "冰箱",
		"items": [
			"多门",
			"对开门",
			"三门",
			"双门",
			"冷柜/冰吧",
			"酒柜",
			"冰箱配件"
		]
	},
	{
		"title": "厨卫大电",
		"items": [
			"油烟机",
			"燃气灶",
			"烟灶套装",
			"消毒柜",
			"洗碗机",
			"电热水器",
			"燃气热水器",
			"嵌入式厨电"
		]
	},
	{
		"title": "厨房小电",
		"items": [
			"小家电年货",
			"电饭煲",
			"微波炉",
			"电烤箱",
			"电磁炉",
			"电压力锅",
			"豆浆机",
			"咖啡机",
			"面包机",
			"榨汁机",
			"料理机",
			"电饼铛",
			"养生壶/煎药壶",
			"酸奶机",
			"煮蛋器",
			"电水壶/热水瓶",
			"电炖锅",
			"多用途锅",
			"电烧烤炉",
			"电热饭盒",
			"其它厨房电器"
		]
	},
	{
		"title": "生活电器",
		"items": [
			"取暖电器",
			"吸尘器",
			"净化器",
			"扫地机器人",
			"加湿器",
			"挂烫机/熨斗",
			"电风扇",
			"冷风扇",
			"插座",
			"电话机",
			"饮水机",
			"净水器",
			"除湿机",
			"干衣机",
			"清洁机",
			"收录/音机",
			"其它生活电器",
			"生活电器配件"
		]
	},
	{
		"title": "个护健康",
		"items": [
			"剃须刀",
			"口腔护理",
			"电吹风",
			"美容器",
			"卷/直发器",
			"理发器",
			"剃/脱毛器",
			"足浴盆",
			"健康秤/厨房秤",
			"按摩器",
			"按摩椅",
			"计步器/脂肪检测仪",
			"其它健康电器"
		]
	},
	{
		"title": "家庭影音",
		"items": [
			"家庭影院",
			"迷你音响",
			"DVD",
			"电视影音配件"
		]
	},
	{
		"title": "进口电器",
		"items": [
			"进口电器"
		]
	}
]